Category,Number of Counties,Average Mortality,First Quartile,Median Mortality,Third Quartile,Average Change,Largest Change,County with Largest Change
increasing,425,391.71078991596596,335.24285714285713,383.77142857142854,441.0285714285714,40.93670588235295,167.5,21041
decreasing,182,341.4472527472528,267.76785714285717,341.15,392.4428571428571,-27.20769230769232,-82.30000000000001,26153
stable,335,347.5229424307035,293.18571428571425,340.62857142857143,395.75714285714287,1.6083582089552244,22.899999999999977,17053
uncategorized,1191,401.3014153772342,329.4142857142857,391.2857142857143,467.17857142857144,15.188077246011721,371.59999999999997,20095
