Category,Number of Counties,Average Mortality,First Quartile,Median Mortality,Third Quartile,Average Change,Largest Change,County with Largest Change
"increasing, accelerating",146,418.93072407044997,359.6285714285714,409.75714285714287,465.5428571428571,55.44383561643837,167.5,21041
"increasing, decelerating",35,401.7530612244897,346.35,395.04285714285714,459.17142857142846,47.17428571428571,75.10000000000002,45001
"increasing, linear",244,373.9829625292744,322.77857142857135,362.98571428571427,424.72142857142853,31.36147540983606,126.80000000000001,21231
"decreasing, accelerating",14,375.28163265306114,286.4178571428571,377.31428571428575,440.5178571428571,-40.67142857142857,-81.19999999999999,13195
"decreasing, decelerating",36,343.9178571428573,294.39285714285717,344.98571428571427,366.99642857142857,-36.27777777777778,-82.30000000000001,26153
"decreasing, linear",132,337.1849567099565,252.33928571428572,330.1071428571429,397.8285714285715,-23.3060606060606,-69.20000000000002,31039
stable,153,326.07824463118595,277.2142857142857,318.75714285714287,368.25714285714287,0.747712418300653,18.899999999999977,18173
